timeStamp,elapsed,label,responseCode,responseMessage,threadName,dataType,success,failureMessage,bytes,sentBytes,grpThreads,allThreads,URL,Latency,IdleTime,Connect
1637002602230,3,HTTP Request,200,OK,Thread Group 1-1,text,true,,281,111,1,1,http://192.168.100.3/,3,0,2
1637002602261,2,HTTP Request,200,OK,Thread Group 1-2,text,true,,281,111,1,1,http://192.168.100.3/,2,0,1
1637002602295,2,HTTP Request,200,OK,Thread Group 1-3,text,true,,281,111,1,1,http://192.168.100.3/,2,0,1
1637002602328,2,HTTP Request,200,OK,Thread Group 1-4,text,true,,281,111,1,1,http://192.168.100.3/,2,0,1
1637002602360,2,HTTP Request,200,OK,Thread Group 1-5,text,true,,281,111,1,1,http://192.168.100.3/,2,0,1
1637002602395,2,HTTP Request,200,OK,Thread Group 1-6,text,true,,281,111,1,1,http://192.168.100.3/,2,0,1
1637002602428,2,HTTP Request,200,OK,Thread Group 1-7,text,true,,281,111,1,1,http://192.168.100.3/,2,0,1
1637002602461,3,HTTP Request,200,OK,Thread Group 1-8,text,true,,281,111,1,1,http://192.168.100.3/,3,0,2
1637002602493,2,HTTP Request,200,OK,Thread Group 1-9,text,true,,281,111,1,1,http://192.168.100.3/,2,0,1
1637002602526,2,HTTP Request,200,OK,Thread Group 1-10,text,true,,281,111,1,1,http://192.168.100.3/,2,0,1
1637002602559,2,HTTP Request,200,OK,Thread Group 1-11,text,true,,281,111,1,1,http://192.168.100.3/,2,0,1
1637002602593,2,HTTP Request,200,OK,Thread Group 1-12,text,true,,281,111,1,1,http://192.168.100.3/,2,0,1
1637002602624,2,HTTP Request,200,OK,Thread Group 1-13,text,true,,281,111,1,1,http://192.168.100.3/,2,0,1
1637002602659,2,HTTP Request,200,OK,Thread Group 1-14,text,true,,281,111,1,1,http://192.168.100.3/,2,0,1
1637002602692,2,HTTP Request,200,OK,Thread Group 1-15,text,true,,281,111,1,1,http://192.168.100.3/,2,0,1
1637002602724,3,HTTP Request,200,OK,Thread Group 1-16,text,true,,281,111,1,1,http://192.168.100.3/,3,0,1
1637002602756,2,HTTP Request,200,OK,Thread Group 1-17,text,true,,281,111,1,1,http://192.168.100.3/,2,0,1
1637002602789,2,HTTP Request,200,OK,Thread Group 1-18,text,true,,281,111,1,1,http://192.168.100.3/,2,0,1
1637002602823,2,HTTP Request,200,OK,Thread Group 1-19,text,true,,281,111,1,1,http://192.168.100.3/,2,0,1
1637002602856,3,HTTP Request,200,OK,Thread Group 1-20,text,true,,281,111,1,1,http://192.168.100.3/,3,0,1
1637002602888,3,HTTP Request,200,OK,Thread Group 1-21,text,true,,281,111,1,1,http://192.168.100.3/,3,0,2
1637002602923,2,HTTP Request,200,OK,Thread Group 1-22,text,true,,281,111,1,1,http://192.168.100.3/,2,0,1
1637002602954,2,HTTP Request,200,OK,Thread Group 1-23,text,true,,281,111,1,1,http://192.168.100.3/,2,0,1
1637002602989,2,HTTP Request,200,OK,Thread Group 1-24,text,true,,281,111,1,1,http://192.168.100.3/,2,0,1
1637002603021,3,HTTP Request,200,OK,Thread Group 1-25,text,true,,281,111,1,1,http://192.168.100.3/,3,0,1
1637002603053,2,HTTP Request,200,OK,Thread Group 1-26,text,true,,281,111,1,1,http://192.168.100.3/,2,0,1
1637002603086,2,HTTP Request,200,OK,Thread Group 1-27,text,true,,281,111,1,1,http://192.168.100.3/,2,0,1
1637002603119,3,HTTP Request,200,OK,Thread Group 1-28,text,true,,281,111,1,1,http://192.168.100.3/,3,0,2
1637002603153,2,HTTP Request,200,OK,Thread Group 1-29,text,true,,281,111,1,1,http://192.168.100.3/,2,0,1
1637002603187,2,HTTP Request,200,OK,Thread Group 1-30,text,true,,281,111,1,1,http://192.168.100.3/,2,0,1
